{
  "price": {
    "title": "Cheap, transparent prices!",
    "pricing": "Pricing",
    "slogan": "Start at full speed !",
    "monthly_bill": "Monthly Billing",
    "annual_bill": "Annual Billing",
    "annual_info": "will be charged when annual",
    "monthly_info": "when charged monthly",
    "mo": "/mo",
    "contact": "for to contact our support team.",
    "contact_2": "You can test the subscriptions and won&apos;t be charged.",
    "faq": "Frequently Asked Questions",
    "faq_detail": "Explore our comprehensive FAQ to find quick answers to common inquiries. If you need further assistance, don&apos;t hesitate to contact us for personalized help.",
    "signup": "Sign up",
    "upgrade": "Upgrade",
    "manage_subscription": "Manage Subscription",
    "go_to_dashboard": "Go to dashboard",
    "": ""
  },
  "marketing": {
    "introducing": "Introducing Saasfly",
    "title": "Ship your apps to the world easier with ",
    "sub_title": "An easy-to-use and enterprise-grade Next.js boilerplate. Your complete All-in-One solution for building SaaS services.",
    "get_started": "Get Started",
    "view_on_github": "View on GitHub",
    "explore_product": "Explore Product",
    "features": "Features",
    "sub_features": "Cloud-native: Simplifying technology and reducing costs for startups.",
    "k8s_features": "Fast, simple development",
    "devops_features": "Easy application deployment",
    "price_features": "Economically efficient for production environments.",
    "main_nav_features": "Features",
    "main_nav_pricing": "Pricing",
    "main_nav_products": "Products",
    "main_nav_blog": "Blog",
    "main_nav_documentation": "Documentation",
    "login": "Login",
    "signup": "Sign up",
    "": "",
    "contributors": {
      "contributors_desc": "contributors made Saasfly stronger",
      "developers_first": "Help more than ",
      "developers_second": " developers"
    },
    "right_side": {
      "deploy_on_vercel_title": "Deploy on Vercel",
      "deploy_on_vercel_desc": "Get started in seconds, see results instantly.",
      "ship_on_cloudflare_title": "Ship on Cloudflare",
      "ship_on_cloudflare_desc": "Grow your business with our Cloudflare-powered platform.",
      "showcase_title": "Best Practice & Showcase",
      "showcase_desc": "See what people are building and chat with them. And show off your apps to the world."
    },
    "features_grid": {
      "monorepo_title": "Monorepo",
      "monorepo_desc": "Manage multiple projects in a unified way to make code sharing easier and collaboration more efficient.",
      "i18n_title": "i18n",
      "i18n_desc": "Multilingual support made easy. Give your users a better experience and expand your business globally.",
      "payments_title": "Global Payments",
      "payments_desc": "Expand your business globally with our secure, convenient, and efficient payment platform.",
      "nextauth_title": "NextAuth",
      "nextauth_desc": "Empower your app with secure and seamless authentication, creating a frictionless login experience."
    },
    "sponsor": {
      "title": "Loved by our Sponsors",
      "donate": "Buy us a coffee, Your Brand here"
    },
    "video": {
      "first_text": "Watch a Video, then",
      "second_text1": "build your App in ",
      "second_text2": "",
      "time_text": "1 hour"
    },
    "people_comment": {
      "title": "What People Are Saying",
      "desc": "Don’t just take our word for it. Here’s what real people are saying about Saasfly."
    }
  },
  "login": {
    "back": "Back",
    "welcome_back": "Welcome back",
    "signin_title": "Enter your email to log into your account",
    "singup_title": "Don't have an account? Sign up now.",
    "signin_email": "Log in with Email",
    "signin_others": "Or continue with",
    "signup": "Sign up",
    "privacy": "only your email and profile picture will be stored.",
    "signup_github": "Sign Up with Github",
    "": ""
  },
  "common": {
    "copyright": "Copyright © ${currentYear} Nextify Limited. All rights reserved.",
    "dashboard": {
      "main_nav_documentation": "Documentation",
      "main_nav_support": "Support",
      "sidebar_nav_clusters": "Clusters",
      "sidebar_nav_billing": "Billing",
      "sidebar_nav_settings": "Settings",
      "title_text": "Create and manage clusters."
    },
    "": ""
  },
  "business": {
    "k8s": {
      "new_cluster": "New Cluster",
      "no_cluster_title": "No clusters created",
      "no_cluster_content": "You don&apos;t have any clusters yet. Start creating cluster. ",
      "": ""
    },
    "billing": {
      "billing": "Billing",
      "content": "Manage your subscription and billing details",
      "noSubscription": "You are not subscribed to any plan. ",
      "subscriptionInfo": "You are currently on the <strong>{plan}</strong> plan.Your subscription will renew on <strong>{date}</strong>.",
      "manage_subscription": "Manage Subscription",
      "upgrade": "upgrade",
      "": ""
    }
  },
  "dropdown": {
    "dashboard": "Dashboard",
    "billing": "Billing",
    "settings": "Settings",
    "sign_out": "Sign out",
    "": ""
  }
}
