{
  "price": {
    "title": "安価で透明な価格！",
    "pricing": "価格設定",
    "slogan": "全速力でスタート！",
    "monthly_bill": "月額請求",
    "annual_bill": "年間請求",
    "annual_info": "年間請求時に請求されます",
    "monthly_info": "月額請求時",
    "mo": "/月",
    "contact": "サポートチームに連絡するための。",
    "contact_2": "サブスクリプションをテストしても請求されません。",
    "faq": "よくある質問",
    "faq_detail": "包括的なFAQを探索して、一般的な問い合わせに対する迅速な回答を見つけてください。さらなる支援が必要な場合は、遠慮せずにパーソナライズされたヘルプのために私たちに連絡してください。",
    "signup": "サインアップ",
    "upgrade": "アップグレード",
    "manage_subscription": "サブスクリプションの管理",
    "go_to_dashboard": "ダッシュボードへ",
    "": ""
  },
  "marketing": {
    "introducing": "Saasfly の紹介",
    "title": "より簡単にあなたのアプリを世界へ、 ",
    "sub_title": "使いやすさが魅力のエンタープライズグレードNext.jsボイラープレート。SaaSサービス構築を完全サポートするオールインワンソリューション。",
    "get_started": "始める",
    "view_on_github": "GitHub で見る",
    "explore_product": "製品を探す",
    "features": "特徴",
    "sub_features": "クラウドネイティブ：スタートアップのための技術の簡素化とコスト削減。",
    "k8s_features": "高速でシンプルな開発",
    "devops_features": "アプリケーションの簡単なデプロイ",
    "price_features": "生産環境に対する経済的効率性。",
    "main_nav_features": "特徴",
    "main_nav_pricing": "価格",
    "main_nav_products": "製品",
    "main_nav_blog": "ブログ",
    "main_nav_documentation": "ドキュメンテーション",
    "login": "ログイン",
    "signup": "サインアップ",
    "": "",
    "contributors": {
      "contributors_desc": "人の貢献者がSaasflyをより強くした",
      "developers_first": "",
      "developers_second": " 人以上の開発者を支え、共に成長"
    },
    "right_side": {
      "deploy_on_vercel_title": "Vercelによるデプロイ",
      "deploy_on_vercel_desc": "数秒でスタート、すぐに結果を実感。",
      "ship_on_cloudflare_title": "Cloudflareでアプリをデプロイしよう",
      "ship_on_cloudflare_desc": "クラウドフレア基盤のプラットフォームを通じて、ビジネスを拡大しましょう。",
      "showcase_title": "ベストプラクティス、皆様と共有",
      "showcase_desc": "他の人が何を作っているか確認して、彼らと自由に話しましょう。そして、あなたの素晴らしいアプリを世界に堂々と見せつけましょう。"
    },
    "features_grid": {
      "monorepo_title": "Monorepo",
      "monorepo_desc": "複数のプロジェクトを一元管理することで、コード共有が簡単になり、コラボレーションが効率化されます。",
      "i18n_title": "国際化",
      "i18n_desc": "多言語対応はもう簡単。ネイティブ言語での体験を提供し、ビジネスをグローバルに展開しましょう。",
      "payments_title": "国際決済",
      "payments_desc": "安全・便利・効率的な決済プラットフォームで、グローバルビジネスの成長を加速させましょう。",
      "nextauth_title": "NextAuth",
      "nextauth_desc": "安全でシームレスな認証により、アプリの利便性を高め、ユーザーにストレスフリーなログイン体験を提供。"
    },
    "sponsor": {
      "title": "スポンサーの皆様に愛されています",
      "donate": "コーヒーブレイクのお供に、あなたのブランドを"
    },
    "video": {
      "first_text": "動画を見て",
      "second_text1": "",
      "second_text2": "でアプリを作っちゃお",
      "time_text": "1 時間"
    },
    "people_comment": {
      "title": "ユーザーのリアルな声",
      "desc": "私たちの言うことだけを信じないでください。Saasflyについての実際のユーザーの声をご覧ください。"
    }
  },
  "login": {
    "back": "戻る",
    "welcome_back": "おかえりなさい",
    "signin_title": "アカウントにログインするためのメールを入力してください",
    "singup_title": "アカウントがまだないですか？今すぐサインアップ。",
    "signin_email": "メールでログイン",
    "signin_others": "または続ける",
    "signup": "サインアップ",
    "privacy": "メールアドレスとプロフィール画像のみが保存されます。",
    "signup_github": "Githubでサインアップ",
    "": ""
  },
  "common": {
    "copyright": "著作権 © ${currentYear} Nextify株式会社。全ての権利を保有。",
    "dashboard": {
      "main_nav_documentation": "ドキュメンテーション",
      "main_nav_support": "サポート",
      "sidebar_nav_clusters": "クラスター",
      "sidebar_nav_billing": "請求",
      "sidebar_nav_settings": "設定",
      "title_text": "クラスターの作成と管理。",
      "": ""
    },
    "": ""
  },
  "business": {
    "k8s": {
      "new_cluster": "新しいクラスターを作成する",
      "no_cluster_title": "クラスターが作成されていません",
      "no_cluster_content": "まだクラスターがありません。クラスターの作成を始めましょう。"
    },
    "billing": {
      "billing": "請求書",
      "content": "あなたの購読と請求詳細を管理する",
      "noSubscription": "どのプランにも登録されていません。",
      "subscriptionInfo": "現在、<strong>{plan}</strong> プランを利用しています。ご登録のサブスクリプションは <strong>{date}</strong> に更新されます。",
      "manage_subscription": "サブスクリプションの管理",
      "upgrade": "アップグレード"
    },
    "": ""
  },
  "dropdown": {
    "dashboard": "ダッシュボード",
    "billing": "請求",
    "settings": "設定",
    "sign_out": "サインアウト",
    "": ""
  }
}
