{
  "price": {
    "title": "便宜，透明的价格！",
    "pricing": "价格",
    "slogan": "全速启动！",
    "monthly_bill": "月度账单",
    "annual_bill": "年度账单",
    "annual_info": "年度收费时将收取",
    "monthly_info": "每月收费时",
    "mo": "/月",
    "contact": "联系我们的支持团队。",
    "contact_2": "您可以测试订阅，不会被收费。",
    "faq": "常见问题",
    "faq_detail": "浏览我们全面的常见问题，快速找到常见问题的答案。如果您需要进一步的帮助，不要犹豫，联系我们获取个性化的帮助。",
    "signup": "注册",
    "upgrade": "升级",
    "manage_subscription": "管理订阅",
    "go_to_dashboard": "转到仪表板",
    "": ""
  },
  "marketing": {
    "introducing": "介绍 Saasfly",
    "title": "更轻松地将您的应用推向全球，尽在 ",
    "sub_title": "简单易上手，具备企业级品质的 Next.js 模板。打造 SaaS 服务的终极一体化解决方案，助力业务增长。",
    "get_started": "快速开始",
    "view_on_github": "在 GitHub 上查看",
    "explore_product": "探索产品",
    "features": "特色",
    "sub_features": "云原生：为初创公司简化技术、降低成本而生。",
    "k8s_features": "开发快速、简单",
    "devops_features": "应用轻松部署",
    "price_features": "经济高效为生产环境打造。",
    "main_nav_features": "特色",
    "main_nav_pricing": "价格",
    "main_nav_products": "产品",
    "main_nav_blog": "博客",
    "main_nav_documentation": "文档",
    "login": "登录",
    "signup": "注册",
    "": "",
    "contributors": {
      "contributors_desc": "位贡献者使Saasfly更强大了",
      "developers_first": "帮助了超过 ",
      "developers_second": " 位开发者"
    },
    "right_side": {
      "deploy_on_vercel_title": "部署到 Vercel",
      "deploy_on_vercel_desc": "轻松上手，快速看到成果。",
      "ship_on_cloudflare_title": "使用 Cloudflare 发布应用",
      "ship_on_cloudflare_desc": "使用我们基于 Cloudflare 构建的平台，助力您的业务增长。",
      "showcase_title": "最佳实践，与您分享",
      "showcase_desc": "发现精彩应用，与开发者交流心得，向全球展示你的才华。"
    },
    "features_grid": {
      "monorepo_title": "Monorepo",
      "monorepo_desc": "将多个项目统一管理，让代码共享更轻松，协作更高效。支持微服务架构、多平台应用以及大型项目。",
      "i18n_title": "多语言支持",
      "i18n_desc": "轻松实现多语言支持，为用户提供母语般的亲切体验，助您拓展国际市场，提升品牌形象。",
      "payments_title": "全球化支付",
      "payments_desc": "为您提供安全、便捷、高效的支付解决方案。全球化支持，多种支付方式，灵活定制，让您的业务轻松拓展，畅通无阻。",
      "nextauth_title": "NextAuth",
      "nextauth_desc": "让你的应用拥有安全可靠的身份验证，为用户提供丝滑流畅的登录体验。支持社交登录、邮箱验证以及自定义认证。"
    },
    "sponsor": {
      "title": "我们深受赞助商的喜爱",
      "donate": "给我们买杯咖啡，您的品牌会出现在这里"
    },
    "video": {
      "first_text": "观看视频，然后",
      "second_text1": "在 ",
      "second_text2": "构建你的应用程序",
      "time_text": "1 小时内"
    },
    "people_comment": {
      "title": "听听大家怎么说",
      "desc": "不要只听我们说。以下是真实用户对 Saasfly 的评价。"
    }
  },
  "login": {
    "back": "返回",
    "welcome_back": "欢迎回来",
    "signin_title": "输入您的电子邮件以登录您的账户",
    "singup_title": "还没有账户？立即注册。",
    "signin_email": "用电子邮件登录",
    "signin_others": "或者继续使用",
    "signup": "注册",
    "privacy": "只有您的电子邮件和头像会被存储。",
    "signup_github": "使用 Github 注册",
    "": ""
  },
  "common": {
    "copyright": "版权所有 © ${currentYear} Nextify公司。保留所有权利。",
    "dashboard": {
      "main_nav_documentation": "文档",
      "main_nav_support": "支持",
      "sidebar_nav_clusters": "集群",
      "sidebar_nav_billing": "账单",
      "sidebar_nav_settings": "设置",
      "title_text": "创建和管理集群。",
      "": ""
    }
  },
  "business": {
    "k8s": {
      "new_cluster": "创建新的集群",
      "no_cluster_title": "没有创建集群",
      "no_cluster_content": "您还没有任何集群。开始创建集群吧。",
      "": ""
    },
    "billing": {
      "billing": "账单",
      "content": "管理您的订阅和账单详情",
      "noSubscription": "您尚未订阅任何计划。",
      "subscriptionInfo": "您目前处于 <strong>{plan}</strong> 计划。您的订阅将在 <strong>{date}</strong> 续订。",
      "manage_subscription": "管理订阅",
      "upgrade": "升级",
      "": ""
    }
  },
  "dropdown": {
    "dashboard": "仪表板",
    "billing": "计费",
    "settings": "设置",
    "sign_out": "登出",
    "": ""
  }
}
