{
  "$schema": "https://json.schemastore.org/tsconfig",
  "compilerOptions": {
    "target": "es2022",
    "lib": ["dom", "dom.iterable", "ES2022"],
    "allowJs": true,
    "checkJs": true,
    "skipLibCheck": true,
    "strict": true,
    "forceConsistentCasingInFileNames": true,
    "noEmit": true,
    "esModuleInterop": true,
    "module": "ESNext",
    "moduleResolution": "Bundler",
    "resolveJsonModule": true,
    "moduleDetection": "force",
    "isolatedModules": true,
    "jsx": "preserve",
    "incremental": true,
    "noUncheckedIndexedAccess": true
  },
  "exclude": ["node_modules", "build", "dist", ".next", ".expo"]
}
